date,tsurf,t1000,active_year,day_of_the_year
2009-12-31,15.72499942779541,13.306132316589355,2010,3
2010-01-07,15.530415534973145,13.315656661987305,2010,10
2010-01-14,15.30737590789795,13.300347328186035,2010,17
2010-01-21,14.954195976257324,13.30064582824707,2010,24
2010-01-28,14.70881462097168,13.300273895263672,2010,31
2010-02-04,14.50081729888916,13.284679412841797,2010,38
2010-02-11,14.51582145690918,13.286169052124023,2010,45
2010-02-18,14.595928192138672,13.293560028076172,2010,52
2010-02-25,14.557778358459473,13.297382354736328,2010,59
2010-03-04,14.712786674499512,13.313350677490234,2010,66
2010-03-11,14.969250679016113,13.320165634155273,2010,73
2010-03-18,15.391448974609375,13.316145896911621,2010,80
2010-03-25,15.77733039855957,13.329872131347656,2010,87
2010-04-01,16.47618865966797,13.327961921691895,2010,94
2010-04-08,16.784011840820312,13.312078475952148,2010,101
2010-04-15,17.211517333984375,13.299765586853027,2010,108
2010-04-22,17.866989135742188,13.294022560119629,2010,115
2010-04-29,18.467748641967773,13.289861679077148,2010,122
2010-05-06,19.1048526763916,13.297369003295898,2010,129
2010-05-13,19.759849548339844,13.313926696777344,2010,136
2010-05-20,20.610462188720703,13.31080150604248,2010,143
2010-05-27,21.84746551513672,13.408136367797852,2010,150
2010-06-03,22.66819190979004,13.481786727905273,2010,157
2010-06-10,23.311182022094727,13.496749877929688,2010,164
2010-06-17,23.61992073059082,13.544631004333496,2010,171
2010-06-24,23.759601593017578,13.587481498718262,2010,178
2010-07-01,24.185222625732422,13.542780876159668,2010,185
2010-07-08,24.408647537231445,13.554224967956543,2010,192
2010-07-15,24.757659912109375,13.478598594665527,2010,199
2010-07-22,24.396076202392578,13.386602401733398,2010,206
2010-07-29,24.188133239746094,13.404434204101562,2010,213
2010-08-05,24.006784439086914,13.361072540283203,2010,220
2010-08-12,23.817943572998047,13.322334289550781,2010,227
2010-08-19,23.60104751586914,13.337486267089844,2010,234
2010-08-26,23.25238037109375,13.315465927124023,2010,241
2010-09-02,22.941892623901367,13.292972564697266,2010,248
2010-09-09,22.3065128326416,13.291740417480469,2010,255
2010-09-16,21.792633056640625,13.282033920288086,2010,262
2010-09-23,21.174896240234375,13.273746490478516,2010,269
2010-09-30,20.394466400146484,13.343378067016602,2010,276
2010-10-07,19.787811279296875,13.3739595413208,2010,283
2010-10-14,18.8612060546875,13.483123779296875,2010,290
2010-10-21,18.367969512939453,13.544395446777344,2010,297
2010-10-28,17.88574981689453,13.579445838928223,2010,304
2010-11-04,17.421157836914062,13.59878921508789,2010,311
2010-11-11,16.660306930541992,13.64538288116455,2010,318
2010-11-18,15.925361633300781,13.596324920654297,2010,325
2010-11-25,14.74314022064209,13.59289264678955,2010,332
2010-12-02,14.056785583496094,13.496633529663086,2010,339
2010-12-09,13.664528846740723,13.484468460083008,2010,346
2010-12-16,13.316706657409668,13.512985229492188,2010,353
2010-12-23,13.04494857788086,13.480576515197754,2010,360
2010-12-30,12.74383544921875,13.403103828430176,2011,2
2011-01-06,12.549993515014648,13.4006929397583,2011,9
2011-01-13,12.875965118408203,13.454493522644043,2011,16
2011-01-20,12.811668395996094,13.450764656066895,2011,23
2011-01-27,12.742295265197754,13.44737434387207,2011,30
2011-02-03,12.79051399230957,13.467241287231445,2011,37
2011-02-10,12.795500755310059,13.497177124023438,2011,44
2011-02-17,12.898756980895996,13.555303573608398,2011,51
2011-02-24,12.969317436218262,13.556907653808594,2011,58
2011-03-03,13.069045066833496,13.552595138549805,2011,65
2011-03-10,13.185012817382812,13.565054893493652,2011,72
2011-03-17,13.934807777404785,13.549633026123047,2011,79
2011-03-24,15.86330795288086,13.59129524230957,2011,86
2011-03-31,16.529064178466797,13.618298530578613,2011,93
2011-04-07,17.17211151123047,13.581025123596191,2011,100
2011-04-14,17.870206832885742,13.616421699523926,2011,107
2011-04-21,18.505542755126953,13.593718528747559,2011,114
2011-04-28,19.22566032409668,13.624817848205566,2011,121
2011-05-05,19.9064998626709,13.65316104888916,2011,128
2011-05-12,20.909244537353516,13.605659484863281,2011,135
2011-05-19,21.671829223632812,13.553832054138184,2011,142
2011-05-26,22.504552841186523,13.53504753112793,2011,149
2011-06-02,23.143163681030273,13.510052680969238,2011,156
2011-06-09,23.606517791748047,13.512297630310059,2011,163
2011-06-16,24.17091941833496,13.474103927612305,2011,170
2011-06-23,24.573604583740234,13.44903564453125,2011,177
2011-06-30,24.85374641418457,13.411550521850586,2011,184
2011-07-07,25.25248146057129,13.419776916503906,2011,191
2011-07-14,25.5473575592041,13.42680835723877,2011,198
2011-07-21,25.799434661865234,13.444499015808105,2011,205
2011-07-28,25.966768264770508,13.456929206848145,2011,212
2011-08-04,26.155872344970703,13.465835571289062,2011,219
2011-08-11,26.029390335083008,13.464624404907227,2011,226
2011-08-18,26.007041931152344,13.50564193725586,2011,233
2011-08-25,21.96914291381836,13.495691299438477,2011,240
2011-09-01,20.687105178833008,13.514570236206055,2011,247
2011-09-08,20.26987075805664,13.493288040161133,2011,254
2011-09-15,20.035655975341797,13.485119819641113,2011,261
2011-09-22,19.970224380493164,13.480509757995605,2011,268
2011-09-29,19.900192260742188,13.477283477783203,2011,275
2011-10-06,19.846912384033203,13.4722261428833,2011,282
2011-10-13,19.673683166503906,13.482660293579102,2011,289
2011-10-20,19.459735870361328,13.467512130737305,2011,296
2011-10-27,18.763689041137695,13.481094360351562,2011,303
2011-11-03,18.58028221130371,13.472569465637207,2011,310
2011-11-10,17.98388671875,13.47530746459961,2011,317
2011-11-17,17.603246688842773,13.46208667755127,2011,324
2011-11-24,17.13059425354004,13.48206615447998,2011,331
2011-12-01,16.75041961669922,13.526266098022461,2011,338
2011-12-08,16.349916458129883,13.554932594299316,2011,345
2011-12-15,15.930206298828125,13.5623140335083,2011,352
2011-12-22,15.62610149383545,13.559131622314453,2011,359
2011-12-29,15.265443801879883,13.543426513671875,2012,1
2012-01-05,14.977745056152344,13.515575408935547,2012,8
2012-01-12,14.697619438171387,13.433292388916016,2012,15
2012-01-19,14.503090858459473,13.372933387756348,2012,22
2012-01-26,14.376824378967285,13.361403465270996,2012,29
2012-02-02,14.241740226745605,13.321562767028809,2012,36
2012-02-09,14.281610488891602,13.31338119506836,2012,43
2012-02-16,14.460179328918457,13.315614700317383,2012,50
2012-02-23,14.691393852233887,13.335220336914062,2012,57
2012-03-01,14.877312660217285,13.383172988891602,2012,64
2012-03-08,15.067699432373047,13.390162467956543,2012,71
2012-03-15,15.348978996276855,13.419035911560059,2012,78
2012-03-22,15.900504112243652,13.445727348327637,2012,85
2012-03-29,16.455678939819336,13.469194412231445,2012,92
2012-04-05,16.807300567626953,13.487265586853027,2012,99
2012-04-12,17.323259353637695,13.505163192749023,2012,106
2012-04-19,17.941560745239258,13.499740600585938,2012,113
2012-04-26,18.833478927612305,13.527182579040527,2012,120
2012-05-03,19.75217628479004,13.511280059814453,2012,127
2012-05-10,20.601425170898438,13.510615348815918,2012,134
2012-05-17,21.48503875732422,13.468491554260254,2012,141
2012-05-24,22.526185989379883,13.48122787475586,2012,148
2012-05-31,23.6369686126709,13.477250099182129,2012,155
2012-06-07,24.365680694580078,13.467679977416992,2012,162
2012-06-14,25.024782180786133,13.469277381896973,2012,169
2012-06-21,25.622852325439453,13.478864669799805,2012,176
2012-06-28,26.042457580566406,13.482316970825195,2012,183
2012-07-05,26.301172256469727,13.532220840454102,2012,190
2012-07-12,26.542661666870117,13.534855842590332,2012,197
2012-07-19,26.49891471862793,13.547415733337402,2012,204
2012-07-26,26.42487335205078,13.570069313049316,2012,211
2012-08-02,26.1731014251709,13.568144798278809,2012,218
2012-08-09,25.799041748046875,13.553241729736328,2012,225
2012-08-16,24.93083953857422,13.55208683013916,2012,232
2012-08-23,23.973155975341797,13.553040504455566,2012,239
2012-08-30,23.42420196533203,13.550172805786133,2012,246
2012-09-06,23.17748260498047,13.55324649810791,2012,253
2012-09-13,22.83883285522461,13.552952766418457,2012,260
2012-09-20,22.4257755279541,13.511252403259277,2012,267
2012-09-27,22.018287658691406,13.516546249389648,2012,274
2012-10-04,21.532758712768555,13.504961013793945,2012,281
2012-10-11,20.70101547241211,13.483480453491211,2012,288
2012-10-18,19.609712600708008,13.46747875213623,2012,295
2012-10-25,18.95597267150879,13.45608139038086,2012,302
2012-11-01,18.24717140197754,13.446948051452637,2012,309
2012-11-08,17.624528884887695,13.468780517578125,2012,316
2012-11-15,17.19731330871582,13.472698211669922,2012,323
2012-11-22,16.756088256835938,13.470715522766113,2012,330
2012-11-29,16.331575393676758,13.476259231567383,2012,337
2012-12-06,15.771912574768066,13.454142570495605,2012,344
2012-12-13,15.386966705322266,13.444955825805664,2012,351
2012-12-20,14.979691505432129,13.421796798706055,2012,358
2012-12-27,14.624872207641602,13.384814262390137,2012,365
2013-01-03,14.248699188232422,13.331680297851562,2013,6
2013-01-10,13.957923889160156,13.307488441467285,2013,13
2013-01-17,13.727678298950195,13.2763671875,2013,20
2013-01-24,13.65567398071289,13.272289276123047,2013,27
2013-01-31,13.585888862609863,13.256622314453125,2013,34
2013-02-07,13.558233261108398,13.245392799377441,2013,41
2013-02-14,13.580472946166992,13.243624687194824,2013,48
2013-02-21,13.613327980041504,13.242080688476562,2013,55
2013-02-28,13.783622741699219,13.235357284545898,2013,62
2013-03-07,14.00554370880127,13.23215103149414,2013,69
2013-03-14,14.188399314880371,13.229608535766602,2013,76
2013-03-21,14.478849411010742,13.23579216003418,2013,83
2013-03-28,15.021561622619629,13.243026733398438,2013,90
2013-04-04,15.6342191696167,13.274164199829102,2013,97
2013-04-11,16.241207122802734,13.300406455993652,2013,104
2013-04-18,16.817808151245117,13.340203285217285,2013,111
2013-04-25,17.466928482055664,13.372842788696289,2013,118
2013-05-02,18.18073272705078,13.40204906463623,2013,125
2013-05-09,18.834516525268555,13.421220779418945,2013,132
2013-05-16,19.399709701538086,13.44770336151123,2013,139
2013-05-23,19.945646286010742,13.439367294311523,2013,146
2013-05-30,20.92397117614746,13.428504943847656,2013,153
2013-06-06,22.184959411621094,13.41708755493164,2013,160
2013-06-13,22.924964904785156,13.426115036010742,2013,167
2013-06-20,23.686742782592773,13.420859336853027,2013,174
2013-06-27,24.17899513244629,13.418681144714355,2013,181
2013-07-04,24.76697540283203,13.40478515625,2013,188
2013-07-11,25.029958724975586,13.399637222290039,2013,195
2013-07-18,25.226364135742188,13.413090705871582,2013,202
2013-07-25,25.574825286865234,13.421448707580566,2013,209
2013-08-01,25.37656021118164,13.417424201965332,2013,216
2013-08-08,24.917869567871094,13.389138221740723,2013,223
2013-08-15,24.494474411010742,13.379240989685059,2013,230
2013-08-22,23.95222282409668,13.383870124816895,2013,237
2013-08-29,23.486818313598633,13.374852180480957,2013,244
2013-09-05,23.019838333129883,13.359197616577148,2013,251
2013-09-12,22.530006408691406,13.359548568725586,2013,258
2013-09-19,22.221105575561523,13.369039535522461,2013,265
2013-09-26,20.622724533081055,13.397876739501953,2013,272
2013-10-03,19.719318389892578,13.418911933898926,2013,279
2013-10-10,19.353116989135742,13.431296348571777,2013,286
2013-10-17,18.868194580078125,13.457999229431152,2013,293
2013-10-24,18.42259979248047,13.482585906982422,2013,300
2013-10-31,17.899845123291016,13.48141860961914,2013,307
2013-11-07,17.305831909179688,12.79344654083252,2013,314
2013-11-14,16.7032470703125,12.5260009765625,2013,321
2013-11-21,16.141136169433594,12.189809799194336,2013,328
2013-11-28,14.809669494628906,12.183324813842773,2013,335
2013-12-05,14.277503967285156,12.164680480957031,2013,342
2013-12-12,14.135239601135254,12.167426109313965,2013,349
2013-12-19,14.00597095489502,12.2062349319458,2013,356
2013-12-26,13.950883865356445,12.673470497131348,2013,363
2014-01-02,13.949617385864258,13.019889831542969,2014,5
2014-01-09,13.952990531921387,13.498427391052246,2014,12
2014-01-16,14.450439453125,13.487951278686523,2014,19
2014-01-23,14.74854564666748,13.475830078125,2014,26
2014-01-30,14.72925090789795,13.472887992858887,2014,33
2014-02-06,14.764608383178711,13.477688789367676,2014,40
2014-02-13,14.788331985473633,13.481526374816895,2014,47
2014-02-20,14.834784507751465,13.485525131225586,2014,54
2014-02-27,15.023128509521484,13.51733684539795,2014,61
2014-03-06,15.270142555236816,13.545759201049805,2014,68
2014-03-13,15.546116828918457,13.582756996154785,2014,75
2014-03-20,15.858352661132812,13.619403839111328,2014,82
2014-03-27,16.200237274169922,13.62890338897705,2014,89
2014-04-03,16.597322463989258,13.643720626831055,2014,96
2014-04-10,17.126203536987305,13.648412704467773,2014,103
2014-04-17,17.610881805419922,13.635040283203125,2014,110
2014-04-24,18.275489807128906,13.626287460327148,2014,117
2014-05-01,18.975858688354492,13.61571979522705,2014,124
2014-05-08,19.770164489746094,13.615167617797852,2014,131
2014-05-15,20.4722900390625,13.579239845275879,2014,138
2014-05-22,21.135587692260742,13.516521453857422,2014,145
2014-05-29,21.76262664794922,13.484041213989258,2014,152
2014-06-05,22.32394790649414,13.460290908813477,2014,159
2014-06-12,22.842254638671875,13.444483757019043,2014,166
2014-06-19,23.22533416748047,13.437337875366211,2014,173
2014-06-26,23.535907745361328,13.39714241027832,2014,180
2014-07-03,23.72791290283203,13.420769691467285,2014,187
2014-07-10,23.97791290283203,13.440133094787598,2014,194
2014-07-17,24.362483978271484,13.446077346801758,2014,201
2014-07-24,24.637311935424805,13.465144157409668,2014,208
2014-07-31,24.80792808532715,13.443050384521484,2014,215
2014-08-07,24.879335403442383,13.418778419494629,2014,222
2014-08-14,24.695768356323242,13.415446281433105,2014,229
2014-08-21,24.520627975463867,13.385804176330566,2014,236
2014-08-28,24.292448043823242,13.393691062927246,2014,243
2014-09-04,23.968332290649414,13.386122703552246,2014,250
2014-09-11,23.446346282958984,13.392069816589355,2014,257
2014-09-18,22.87611961364746,13.41250991821289,2014,264
2014-09-25,22.178159713745117,13.444643020629883,2014,271
2014-10-02,21.58148956298828,13.490835189819336,2014,278
2014-10-09,20.96157455444336,13.526983261108398,2014,285
2014-10-16,20.30239486694336,13.529060363769531,2014,292
2014-10-23,19.70029067993164,13.559090614318848,2014,299
2014-10-30,19.118648529052734,13.554496765136719,2014,306
2014-11-06,18.58681297302246,13.563407897949219,2014,313
2014-11-13,18.13300895690918,13.562468528747559,2014,320
2014-11-20,17.49476432800293,13.565707206726074,2014,327
2014-11-27,16.909374237060547,13.561515808105469,2014,334
2014-12-04,16.220239639282227,13.553335189819336,2014,341
2014-12-11,15.718568801879883,13.540313720703125,2014,348
2014-12-18,15.33645248413086,13.534873962402344,2014,355
2014-12-25,14.729836463928223,13.53193473815918,2014,362
2015-01-01,14.404255867004395,13.527501106262207,2015,4
2015-01-08,14.199650764465332,13.515007019042969,2015,11
2015-01-15,14.142598152160645,13.514211654663086,2015,18
2015-01-22,14.136725425720215,13.53001594543457,2015,25
2015-01-29,14.123985290527344,13.548497200012207,2015,32
2015-02-05,14.12633228302002,13.577610969543457,2015,39
2015-02-12,14.236928939819336,13.579158782958984,2015,46
2015-02-19,14.361555099487305,13.586840629577637,2015,53
2015-02-26,14.549951553344727,13.588869094848633,2015,60
2015-03-05,14.776719093322754,13.591609001159668,2015,67
2015-03-12,15.068389892578125,13.58981990814209,2015,74
2015-03-19,15.502126693725586,13.575638771057129,2015,81
2015-03-26,16.18606185913086,13.56065559387207,2015,88
2015-04-02,16.906982421875,13.563602447509766,2015,95
2015-04-09,17.76744270324707,13.565603256225586,2015,102
2015-04-16,18.39082145690918,13.565885543823242,2015,109
2015-04-23,18.968658447265625,13.553067207336426,2015,116
2015-04-30,19.630685806274414,13.54642391204834,2015,123
2015-05-07,20.25105094909668,13.542110443115234,2015,130
2015-05-14,20.796859741210938,13.540923118591309,2015,137
2015-05-21,21.380786895751953,13.539054870605469,2015,144
2015-05-28,22.234865188598633,13.526906967163086,2015,151
2015-06-04,23.194597244262695,13.547184944152832,2015,158
2015-06-11,23.952978134155273,13.563531875610352,2015,165
2015-06-18,24.70474624633789,13.581927299499512,2015,172
2015-06-25,25.34229278564453,13.59540843963623,2015,179
2015-07-02,25.961034774780273,13.600484848022461,2015,186
2015-07-09,26.35403823852539,13.614073753356934,2015,193
2015-07-16,26.582231521606445,13.641213417053223,2015,200
2015-07-23,26.720718383789062,13.625797271728516,2015,207
2015-07-30,26.56293296813965,13.626199722290039,2015,214
2015-08-06,26.336538314819336,13.623579978942871,2015,221
2015-08-13,26.00545883178711,13.639674186706543,2015,228
2015-08-20,25.507644653320312,13.603751182556152,2015,235
2015-08-27,25.08927345275879,13.58411979675293,2015,242
2015-09-03,24.607309341430664,13.563044548034668,2015,249
2015-09-10,24.012205123901367,13.539413452148438,2015,256
2015-09-17,23.34028434753418,13.515543937683105,2015,263
2015-09-24,22.648237228393555,13.496779441833496,2015,270
2015-10-01,21.988407135009766,13.479619026184082,2015,277
2015-10-08,21.437257766723633,13.478117942810059,2015,284
2015-10-15,20.75861930847168,13.457903861999512,2015,291
2015-10-22,20.180343627929688,13.455230712890625,2015,298
2015-10-29,19.680152893066406,13.450238227844238,2015,305
2015-11-05,19.033267974853516,13.452214241027832,2015,312
2015-11-12,18.580432891845703,13.459187507629395,2015,319
2015-11-19,18.00588607788086,13.449122428894043,2015,326
2015-11-26,17.484899520874023,13.456663131713867,2015,333
2015-12-03,17.1392765045166,13.462272644042969,2015,340
2015-12-10,16.809547424316406,13.459096908569336,2015,347
2015-12-17,16.55329132080078,13.470571517944336,2015,354
2015-12-24,16.308427810668945,13.481369018554688,2015,361
2015-12-31,16.00936508178711,13.472498893737793,2016,3
2016-01-07,15.805671691894531,13.47283935546875,2016,10
2016-01-14,15.698966026306152,13.480501174926758,2016,17
2016-01-21,15.57611083984375,13.487194061279297,2016,24
2016-01-28,15.445832252502441,13.477375984191895,2016,31
2016-02-04,15.39444637298584,13.47213077545166,2016,38
2016-02-11,15.380858421325684,13.451102256774902,2016,45
2016-02-18,15.557076454162598,13.463306427001953,2016,52
2016-02-25,15.688886642456055,13.462291717529297,2016,59
2016-03-03,15.87865161895752,13.454792976379395,2016,66
2016-03-10,16.13129234313965,13.463420867919922,2016,73
2016-03-17,16.44776153564453,13.494464874267578,2016,80
2016-03-24,16.75359344482422,13.521221160888672,2016,87
2016-03-31,17.129549026489258,13.555241584777832,2016,94
2016-04-07,17.48932647705078,13.565999031066895,2016,101
2016-04-14,17.937959671020508,13.591490745544434,2016,108
2016-04-21,18.431703567504883,13.601810455322266,2016,115
2016-04-28,19.096969604492188,13.61652946472168,2016,122
2016-05-05,19.758499145507812,13.614774703979492,2016,129
2016-05-12,20.55181312561035,13.609955787658691,2016,136
2016-05-19,21.3275089263916,13.608721733093262,2016,143
2016-05-26,22.20636558532715,13.613621711730957,2016,150
2016-06-02,23.021827697753906,13.60788345336914,2016,157
2016-06-09,23.54920196533203,13.613144874572754,2016,164
2016-06-16,24.12639617919922,13.614343643188477,2016,171
2016-06-23,24.639760971069336,13.621577262878418,2016,178
2016-06-30,24.98809051513672,13.627016067504883,2016,185
2016-07-07,25.255451202392578,13.619927406311035,2016,192
2016-07-14,25.373138427734375,13.619348526000977,2016,199
2016-07-21,25.59505844116211,13.626381874084473,2016,206
2016-07-28,25.747041702270508,13.627571105957031,2016,213
2016-08-04,25.748849868774414,13.623933792114258,2016,220
2016-08-11,25.502426147460938,13.621506690979004,2016,227
2016-08-18,25.202394485473633,13.622156143188477,2016,234
2016-08-25,24.876575469970703,13.634309768676758,2016,241
2016-09-01,24.636615753173828,13.638643264770508,2016,248
2016-09-08,24.384979248046875,13.644230842590332,2016,255
2016-09-15,24.087257385253906,13.647116661071777,2016,262
2016-09-22,23.7913818359375,13.664087295532227,2016,269
2016-09-29,23.446422576904297,13.677919387817383,2016,276
2016-10-06,22.991668701171875,13.67954158782959,2016,283
2016-10-13,22.33806800842285,13.693242073059082,2016,290
2016-10-20,21.527999877929688,13.704333305358887,2016,297
2016-10-27,20.571125030517578,13.696785926818848,2016,304
2016-11-03,19.720346450805664,13.696043014526367,2016,311
2016-11-10,18.99124526977539,13.694132804870605,2016,318
2016-11-17,18.49234962463379,13.691431045532227,2016,325
2016-11-24,18.019075393676758,13.695022583007812,2016,332
2016-12-01,17.499614715576172,13.68979263305664,2016,339
2016-12-08,17.037811279296875,13.687033653259277,2016,346
2016-12-15,16.57546043395996,13.695149421691895,2016,353
2016-12-22,16.191333770751953,13.70407772064209,2016,360
2016-12-29,15.864046096801758,13.704231262207031,2017,1
2017-01-05,15.664777755737305,13.707444190979004,2017,8
2017-01-12,15.576844215393066,13.706366539001465,2017,15
2017-01-19,15.552759170532227,13.710066795349121,2017,22
2017-01-26,15.570536613464355,13.722905158996582,2017,29
2017-02-02,15.586163520812988,13.73158073425293,2017,36
2017-02-09,15.650172233581543,13.744900703430176,2017,43
2017-02-16,15.7604398727417,13.760271072387695,2017,50
2017-02-23,15.880417823791504,13.76459789276123,2017,57
2017-03-02,16.080591201782227,13.778390884399414,2017,64
2017-03-09,16.258289337158203,13.776957511901855,2017,71
2017-03-16,16.487621307373047,13.772989273071289,2017,78
2017-03-23,16.77442741394043,13.761962890625,2017,85
2017-03-30,17.112619400024414,13.7438383102417,2017,92
2017-04-06,17.550212860107422,13.729231834411621,2017,99
2017-04-13,18.13715171813965,13.711709022521973,2017,106
2017-04-20,18.751728057861328,13.678694725036621,2017,113
2017-04-27,19.546735763549805,13.6577730178833,2017,120
2017-05-04,20.470870971679688,13.626946449279785,2017,127
2017-05-11,21.355138778686523,13.610569953918457,2017,134
2017-05-18,22.1083984375,13.618999481201172,2017,141
2017-05-25,22.83283233642578,13.609692573547363,2017,148
2017-06-01,23.567153930664062,13.595534324645996,2017,155
2017-06-08,24.16123390197754,13.637967109680176,2017,162
2017-06-15,24.68380355834961,13.653237342834473,2017,169
2017-06-22,25.18332290649414,13.663867950439453,2017,176
2017-06-29,25.50960350036621,13.678853034973145,2017,183
2017-07-06,25.71599769592285,13.689149856567383,2017,190
2017-07-13,25.903762817382812,13.685853004455566,2017,197
2017-07-20,25.96693229675293,13.678929328918457,2017,204
2017-07-27,25.861202239990234,13.644756317138672,2017,211
2017-08-03,25.689069747924805,13.62713623046875,2017,218
2017-08-10,25.311288833618164,13.604328155517578,2017,225
2017-08-17,24.910842895507812,13.588021278381348,2017,232
2017-08-24,24.421335220336914,13.578852653503418,2017,239
2017-08-31,23.8824520111084,13.570704460144043,2017,246
2017-09-07,23.304851531982422,13.580787658691406,2017,253
2017-09-14,22.729032516479492,13.578375816345215,2017,260
2017-09-21,22.13312339782715,13.547907829284668,2017,267
2017-09-28,21.498184204101562,13.532377243041992,2017,274
2017-10-05,20.903377532958984,13.534692764282227,2017,281
2017-10-12,20.27716636657715,13.525680541992188,2017,288
2017-10-19,19.578567504882812,13.513182640075684,2017,295
2017-10-26,18.8444766998291,13.50180435180664,2017,302
2017-11-02,18.25275993347168,13.494397163391113,2017,309
2017-11-09,17.767120361328125,13.50003719329834,2017,316
2017-11-16,17.258787155151367,13.510400772094727,2017,323
2017-11-23,16.867586135864258,13.506309509277344,2017,330
2017-11-30,16.471782684326172,13.488851547241211,2017,337
2017-12-07,16.12810516357422,13.486397743225098,2017,344
2017-12-14,15.841001510620117,13.486178398132324,2017,351
2017-12-21,15.576825141906738,13.478538513183594,2017,358
2017-12-28,15.345327377319336,13.475284576416016,2017,365
2018-01-04,15.205769538879395,13.475622177124023,2018,7
2018-01-11,14.984164237976074,13.46152400970459,2018,14
2018-01-18,14.88891887664795,13.471858024597168,2018,21
2018-01-25,14.835566520690918,13.46711254119873,2018,28
2018-02-01,14.819504737854004,13.465569496154785,2018,35
2018-02-08,14.797616958618164,13.456342697143555,2018,42
2018-02-15,14.557076454162598,13.401525497436523,2018,49
2018-02-22,14.587122917175293,13.404924392700195,2018,56
2018-03-01,14.709254264831543,13.403902053833008,2018,63
2018-03-08,14.94428539276123,13.403792381286621,2018,70
2018-03-15,15.272729873657227,13.41824722290039,2018,77
2018-03-22,15.609234809875488,13.418525695800781,2018,84
2018-03-29,16.088483810424805,13.438260078430176,2018,91
2018-04-05,17.016921997070312,13.52538776397705,2018,98
2018-04-12,17.89931297302246,13.55380630493164,2018,105
2018-04-19,18.74519157409668,13.578243255615234,2018,112
2018-04-26,19.600685119628906,13.5995454788208,2018,119
2018-05-03,20.525278091430664,13.604572296142578,2018,126
2018-05-10,21.86661148071289,13.61044692993164,2018,133
2018-05-17,22.638774871826172,13.612316131591797,2018,140
2018-05-24,23.124832153320312,13.621251106262207,2018,147
2018-05-31,23.657451629638672,13.609907150268555,2018,154
2018-06-07,24.08968162536621,13.609107971191406,2018,161
2018-06-14,24.514158248901367,13.606630325317383,2018,168
2018-06-21,24.9964542388916,13.599347114562988,2018,175
2018-06-28,25.559106826782227,13.597298622131348,2018,182
2018-07-05,26.38364601135254,13.597538948059082,2018,189
2018-07-12,26.638280868530273,13.588258743286133,2018,196
2018-07-19,26.725759506225586,13.581387519836426,2018,203
2018-07-26,26.81073570251465,13.558669090270996,2018,210
2018-08-02,26.861610412597656,13.564745903015137,2018,217
2018-08-09,26.772369384765625,13.56560230255127,2018,224
2018-08-16,26.308807373046875,13.565787315368652,2018,231
2018-08-23,25.702733993530273,13.580936431884766,2018,238
2018-08-30,25.110145568847656,13.596756935119629,2018,245
2018-09-06,24.650373458862305,13.622379302978516,2018,252
2018-09-13,24.03251075744629,13.648894309997559,2018,259
2018-09-20,23.626529693603516,13.649428367614746,2018,266
2018-09-27,23.148195266723633,13.652204513549805,2018,273
2018-10-04,22.79560661315918,13.652521133422852,2018,280
2018-10-11,22.42856788635254,13.65169906616211,2018,287
2018-10-18,22.01302146911621,13.647428512573242,2018,294
2018-10-25,21.299179077148438,13.635971069335938,2018,301
2018-11-01,20.671396255493164,13.62220573425293,2018,308
2018-11-08,19.969301223754883,13.616960525512695,2018,315
2018-11-15,19.20347023010254,13.611343383789062,2018,322
2018-11-22,18.419387817382812,13.609363555908203,2018,329
2018-11-29,17.641246795654297,13.601627349853516,2018,336
2018-12-06,17.04973602294922,13.599132537841797,2018,343
2018-12-13,16.39178466796875,13.59720516204834,2018,350
2018-12-20,16.01329803466797,13.602991104125977,2018,357
2018-12-27,15.746699333190918,13.604362487792969,2018,364
2019-01-03,15.530384063720703,13.608619689941406,2019,6
2019-01-10,15.340306282043457,13.613402366638184,2019,13
2019-01-17,15.21342658996582,13.618949890136719,2019,20
2019-01-24,15.229202270507812,13.621275901794434,2019,27
2019-01-31,15.30679988861084,13.62730884552002,2019,34
2019-02-07,15.34928035736084,13.627970695495605,2019,41
2019-02-14,15.412354469299316,13.626655578613281,2019,48
2019-02-21,15.531755447387695,13.628616333007812,2019,55
2019-02-28,15.641040802001953,13.629779815673828,2019,62
2019-03-07,15.833357810974121,13.62787914276123,2019,69
2019-03-14,16.035507202148438,13.632147789001465,2019,76
2019-03-21,16.2311954498291,13.6384916305542,2019,83
2019-03-28,16.408668518066406,13.641546249389648,2019,90
2019-04-04,16.711442947387695,13.654029846191406,2019,97
2019-04-11,17.065370559692383,13.652416229248047,2019,104
2019-04-18,17.58435821533203,13.6373872756958,2019,111
2019-04-25,18.294946670532227,13.618868827819824,2019,118
2019-05-02,18.9800968170166,13.589682579040527,2019,125
2019-05-09,19.806236267089844,13.56743335723877,2019,132
2019-05-16,20.74393653869629,13.55235767364502,2019,139
2019-05-23,21.704627990722656,13.532938003540039,2019,146
2019-05-30,22.661142349243164,13.521811485290527,2019,153
2019-06-06,23.551843643188477,13.510485649108887,2019,160
2019-06-13,24.4091854095459,13.513080596923828,2019,167
2019-06-20,25.021759033203125,13.514290809631348,2019,174
2019-06-27,25.45503044128418,13.520001411437988,2019,181
2019-07-04,25.713674545288086,13.518264770507812,2019,188
2019-07-11,25.81648826599121,13.513802528381348,2019,195
2019-07-18,25.990482330322266,13.514083862304688,2019,202
2019-07-25,26.030515670776367,13.511348724365234,2019,209
2019-08-01,25.923105239868164,13.505324363708496,2019,216
2019-08-08,25.745315551757812,13.500927925109863,2019,223
2019-08-15,25.486534118652344,13.486472129821777,2019,230
2019-08-22,25.136924743652344,13.486745834350586,2019,237
2019-08-29,24.69767951965332,13.487164497375488,2019,244
2019-09-05,24.27796173095703,13.490774154663086,2019,251
2019-09-12,23.886837005615234,13.498784065246582,2019,258
2019-09-19,23.545562744140625,13.499213218688965,2019,265
2019-09-26,23.143564224243164,13.50770378112793,2019,272
2019-10-03,22.589048385620117,13.516119003295898,2019,279
2019-10-10,22.11320686340332,13.526823043823242,2019,286
2019-10-17,21.51732063293457,13.528363227844238,2019,293
2019-10-24,20.88847541809082,13.522944450378418,2019,300
2019-10-31,20.156620025634766,13.522714614868164,2019,307
2019-11-07,19.4892520904541,13.523913383483887,2019,314
2019-11-14,18.87947654724121,13.516376495361328,2019,321
2019-11-21,18.60391616821289,13.51525592803955,2019,328
2019-11-28,18.27820587158203,13.502178192138672,2019,335
2019-12-05,18.0189208984375,13.50140380859375,2019,342
2019-12-12,17.704504013061523,13.508089065551758,2019,349
2019-12-19,17.491226196289062,13.495464324951172,2019,356
2019-12-26,17.096923828125,13.473074913024902,2019,363
